AGE_GROUP;COMORBIDITY_RISK
e0;0.033114
e1;0
e2;0.051935
e3;0.027583
e4;0.013449
e5;0.042854
e6;0.073805
e7;0.108578
