{"best_results": {"beta": 0.0, "error": 2.596324786887139}, "iterations": {"betas": [0.2370437314245939, 0.5668070357879236, 0.29324076652229264, 0.7047307041343209, 0.6161402788193604, 0.7771362965127049, 0.27480051475729117, 0.46195164706405845, 0.45330029230740226, 0.8551890951048372, 0.7298269166336158, 0.665905232748599, 0.38118916835842964, 0.5276492558131001, 0.27126663654448946, 0.3814208433371592, 0.34097623655027326, 0.666586992156851, 0.6838216741267367, 0.354534355460934, 0.6408305882670906, 0.7765248184013621, 0.450731269572585, 0.33796426938539104, 0.6397673648697828, 0.8765707398222239, 0.30880891369623215, 0.49593097689828664, 0.5915491495423548, 0.3571739914382437, 0.20282082630469833, 0.16859792118480277, 0.1343750160649072, 0.10015211094501164, 0.06592920582511608, 0.031706300705220514, 0.0, 0.0, 0.0, 0.0, 0.0, 0.0, 0.0, 0.0, 0.0, 0.0], "errors": [709346.5363774588, 18454088.181805834, 1565469.3258469938, 37675595.11217424, 24512331.969405282, 50331096.81106367, 1221515.1068373662, 8833086.397109594, 8234429.502693041, 65502598.7898463, 41886449.554147124, 31565213.09555251, 4286712.47612463, 14340553.205167834, 1163082.1317707296, 4296641.504963406, 2797825.9468198335, 31668065.887697432, 34321708.96207521, 3249587.962331, 27897626.02131862, 50218010.744425595, 8062117.429221789, 2703987.648265585, 27747155.603947967, 69882776.12104516, 1910219.800530679, 11465903.886387086, 21372475.99712967, 3343285.5126837934, 428530.67403250566, 273465.1639484024, 194463.07283674175, 144864.67153596316, 83733.67996873047, 10715.188632850759, 2.596324786887139, 2.596324786887139, 2.596324786887139, 2.596324786887139, 2.596324786887139, 2.596324786887139, 2.596324786887139, 2.596324786887139, 2.596324786887139, 2.596324786887139]}}