{"best_results": {"beta": 0.007832798540690137, "error": 0.4508535537952952}, "iterations": {"betas": [0.006803031677555933, 0.006075319454403785, 0.008892194521893429, 0.0052860353977133845, 0.005756668287629078, 0.006389375542202126, 0.0035638351721547566, 0.006001388137944314, 0.004571891077220897, 0.0025001240284936565, 0.0021162739678464524, 0.005044944521373978, 0.0006789650677247839, 0.005021529961567509, 0.0054126188658318855, 0.007216687812909741, 0.007630343948263548, 0.008044000083617355, 0.008457656218971162, 0.007216687812909741, 0.006803031677555933, 0.007423515880586644, 0.007837172015940452, 0.008044000083617355, 0.00825082815129426, 0.007940586049778904, 0.0077337579821019995, 0.007940586049778904, 0.008044000083617357, 0.007888879032859678, 0.007785464999021226, 0.007888879032859678, 0.007940586049778904, 0.007863025524400064, 0.007811318507480839, 0.007863025524400064, 0.007888879032859678, 0.007850098770170259, 0.007824245261710645, 0.007850098770170259, 0.007863025524400066, 0.007843635393055355, 0.007830708638825548, 0.007824245261710645, 0.007817781884595741, 0.007827476950268097, 0.007833940327383, 0.007837172015940452, 0.007840403704497904, 0.007835556171661727, 0.007832324483104273, 0.007830708638825547, 0.00782909279454682, 0.00783151656096491, 0.007833132405243637, 0.007833940327383, 0.007834748249522364, 0.007833536366313319, 0.007832728444173955, 0.007832324483104273, 0.007831920522034592, 0.007832526463639114, 0.007832930424708796, 0.007832526463639114, 0.007832324483104273, 0.007832627453906536, 0.007832829434441375, 0.007832930424708794, 0.007833031414976214, 0.007832879929575084, 0.007832778939307665, 0.007832728444173955, 0.007832677949040245, 0.00783275369174081, 0.00783280418687452, 0.007832829434441375, 0.00783285468200823, 0.007832816810657946, 0.007832791563091093, 0.007832816810657946, 0.007832829434441373, 0.007832810498766232, 0.007832797874982807, 0.007832791563091095, 0.007832785251199383, 0.007832794719036952, 0.007832801030928663, 0.007832794719036952, 0.007832791563091097, 0.00783279629700988, 0.007832799452955735, 0.00783279629700988, 0.007832794719036952, 0.007832797085996344, 0.00783279866396927, 0.007832799452955733, 0.007832800241942196, 0.007832799058462502, 0.007832798269476039, 0.007832799058462502, 0.007832799452955733, 0.007832798861215885, 0.007832798466722656, 0.007832798861215885, 0.0078327990584625, 0.007832798762592578, 0.007832798565345963, 0.007832798466722656, 0.007832798368099348, 0.00783279851603431, 0.007832798614657617, 0.00783279851603431, 0.007832798466722656, 0.007832798540690137, 0.007832798590001789, 0.007832798516034311, 0.007832798491378485, 0.007832798528362224, 0.00783279855301805, 0.00783279853452618, 0.007832798546854093, 0.007832798522198267, 0.007832798559182006], "errors": [0.6393936621704467, 0.8312031632854436, 0.9201275782683468, 0.9676575864649201, 0.8973325001676334, 0.7530584791341346, 1.0503799058389736, 0.8478452745049835, 1.0238835874206933, 1.0544496554534029, 1.0534599568825511, 0.9922634814864323, 1.044726886954017, 0.9943038425377453, 0.9518351536807811, 0.532456812993955, 0.4613796949651516, 0.4644020231977852, 0.5899642844850124, 0.532456812993955, 0.6393936621704467, 0.4902672271334292, 0.45085890192022304, 0.4644020231977852, 0.5083936341756347, 0.4542402319956459, 0.4534828166760298, 0.4542402319956459, 0.46440202319778545, 0.45175148815686017, 0.45146695613743815, 0.45175148815686017, 0.4542402319956459, 0.45111170871700795, 0.4509812133164088, 0.45111170871700795, 0.45175148815686017, 0.4509376785924424, 0.4508739021762361, 0.4509376785924424, 0.4511117087170079, 0.45088647610383764, 0.45085477180490185, 0.4508739021762361, 0.4509161101056655, 0.4508614408780348, 0.45085391784318435, 0.45085890192022304, 0.45086974700411, 0.45085567869231474, 0.4508536165030935, 0.4508547718049019, 0.45085738088390204, 0.4508540122528981, 0.4508535849137857, 0.45085391784318435, 0.45085461564985324, 0.4508537057912387, 0.4508535551660138, 0.4508536165030935, 0.4508537688803491, 0.4508535744517223, 0.4508535586514911, 0.4508535744517223, 0.4508536165030935, 0.45085356196285764, 0.4508535540619947, 0.4508535586514912, 0.45085356893517026, 0.45085355564500096, 0.4508535539023526, 0.4508535551660138, 0.4508535578528703, 0.4508535543562501, 0.45085355380424696, 0.4508535540619947, 0.4508535546755902, 0.450853553888647, 0.4508535538088316, 0.450853553888647, 0.4508535540619948, 0.45085355383536346, 0.45085355379546416, 0.4508535538088316, 0.4508535538445029, 0.4508535537993376, 0.4508535537970768, 0.4508535537993376, 0.45085355380883146, 0.4508535537966664, 0.45085355379557407, 0.4508535537966664, 0.4508535537993376, 0.4508535537959105, 0.450853553795303, 0.45085355379557407, 0.4508535537961046, 0.45085355379540143, 0.45085355379534897, 0.45085355379540143, 0.45085355379557407, 0.4508535537953382, 0.4508535537953289, 0.4508535537953382, 0.4508535537954014, 0.4508535537953278, 0.45085355379529657, 0.4508535537953289, 0.45085355379532743, 0.4508535537953153, 0.45085355379530007, 0.4508535537953153, 0.4508535537953289, 0.4508535537952952, 0.45085355379530306, 0.45085355379531517, 0.45085355379533454, 0.45085355379533676, 0.45085355379531966, 0.4508535537953242, 0.4508535537953247, 0.45085355379533365, 0.45085355379532627]}}